week,team_id,team_name,score,season
1,1,A Boy Named Suh,115.52,2015
1,2,The Thunder Cats,115.0,2015
1,3,Hyde your wife,96.52,2015
1,7,The Roethlisburger s,89.64,2015
1,4,Joe Buck Yourself,93.52,2015
1,6,The Benchwarmers,83.54,2015
1,5,Lambeau Leapers,83.36,2015
1,8,manning bros,66.6,2015
2,1,A Boy Named Suh,87.2,2015
2,3,Hyde your wife,84.22,2015
2,2,The Thunder Cats,120.7,2015
2,8,manning bros,83.84,2015
2,4,Joe Buck Yourself,81.44,2015
2,7,The Roethlisburger s,88.06,2015
2,5,Lambeau Leapers,82.26,2015
2,6,The Benchwarmers,87.14,2015
3,1,A Boy Named Suh,98.2,2015
3,4,Joe Buck Yourself,91.12,2015
3,2,The Thunder Cats,107.84,2015
3,3,Hyde your wife,75.1,2015
3,5,Lambeau Leapers,138.52,2015
3,7,The Roethlisburger s,65.68,2015
3,6,The Benchwarmers,90.6,2015
3,8,manning bros,110.46,2015
4,1,A Boy Named Suh,82.24,2015
4,5,Lambeau Leapers,51.16,2015
4,2,The Thunder Cats,94.68,2015
4,4,Joe Buck Yourself,99.76,2015
4,3,Hyde your wife,82.34,2015
4,8,manning bros,58.22,2015
4,6,The Benchwarmers,77.68,2015
4,7,The Roethlisburger s,94.72,2015
5,1,A Boy Named Suh,83.54,2015
5,6,The Benchwarmers,58.52,2015
5,2,The Thunder Cats,135.64,2015
5,5,Lambeau Leapers,76.74,2015
5,3,Hyde your wife,95.66,2015
5,4,Joe Buck Yourself,103.5,2015
5,7,The Roethlisburger s,83.3,2015
5,8,manning bros,65.64,2015
6,1,A Boy Named Suh,105.12,2015
6,7,The Roethlisburger s,97.62,2015
6,2,The Thunder Cats,108.84,2015
6,6,The Benchwarmers,101.34,2015
6,3,Hyde your wife,102.5,2015
6,5,Lambeau Leapers,85.5,2015
6,4,Joe Buck Yourself,143.68,2015
6,8,manning bros,70.1,2015
7,1,A Boy Named Suh,136.52,2015
7,8,manning bros,111.88,2015
7,2,The Thunder Cats,76.2,2015
7,7,The Roethlisburger s,122.94,2015
7,3,Hyde your wife,73.84,2015
7,6,The Benchwarmers,69.9,2015
7,4,Joe Buck Yourself,106.3,2015
7,5,Lambeau Leapers,77.8,2015
8,1,A Boy Named Suh,90.84,2015
8,2,The Thunder Cats,134.16,2015
8,3,Hyde your wife,98.38,2015
8,7,The Roethlisburger s,86.54,2015
8,4,Joe Buck Yourself,102.14,2015
8,6,The Benchwarmers,78.1,2015
8,5,Lambeau Leapers,73.88,2015
8,8,manning bros,98.12,2015
9,1,A Boy Named Suh,138.22,2015
9,3,Hyde your wife,109.82,2015
9,2,The Thunder Cats,89.18,2015
9,8,manning bros,108.58,2015
9,4,Joe Buck Yourself,88.06,2015
9,7,The Roethlisburger s,94.3,2015
9,5,Lambeau Leapers,129.86,2015
9,6,The Benchwarmers,52.1,2015
10,1,A Boy Named Suh,92.08,2015
10,4,Joe Buck Yourself,76.56,2015
10,2,The Thunder Cats,91.92,2015
10,3,Hyde your wife,84.94,2015
10,5,Lambeau Leapers,101.12,2015
10,7,The Roethlisburger s,124.36,2015
10,6,The Benchwarmers,88.2,2015
10,8,manning bros,89.48,2015
11,1,A Boy Named Suh,80.96,2015
11,5,Lambeau Leapers,60.28,2015
11,2,The Thunder Cats,84.98,2015
11,4,Joe Buck Yourself,142.38,2015
11,3,Hyde your wife,65.2,2015
11,8,manning bros,88.84,2015
11,6,The Benchwarmers,98.6,2015
11,7,The Roethlisburger s,78.22,2015
12,1,A Boy Named Suh,125.72,2015
12,6,The Benchwarmers,119.4,2015
12,2,The Thunder Cats,75.44,2015
12,5,Lambeau Leapers,50.08,2015
12,3,Hyde your wife,63.4,2015
12,4,Joe Buck Yourself,116.9,2015
12,7,The Roethlisburger s,57.84,2015
12,8,manning bros,112.92,2015
13,1,A Boy Named Suh,96.14,2015
13,7,The Roethlisburger s,123.96,2015
13,2,The Thunder Cats,108.54,2015
13,6,The Benchwarmers,142.66,2015
13,3,Hyde your wife,53.86,2015
13,5,Lambeau Leapers,91.52,2015
13,4,Joe Buck Yourself,97.38,2015
13,8,manning bros,110.14,2015
14,1,A Boy Named Suh,60.06,2015
14,6,The Benchwarmers,85.98,2015
14,2,The Thunder Cats,117.9,2015
14,3,Hyde your wife,63.66,2015
14,4,Joe Buck Yourself,121.94,2015
14,5,Lambeau Leapers,79.82,2015
14,7,The Roethlisburger s,88.28,2015
14,8,manning bros,89.5,2015
15,2,The Thunder Cats,130.06,2015
15,4,Joe Buck Yourself,88.18,2015
15,6,The Benchwarmers,111.46,2015
15,8,manning bros,121.9,2015
15,1,A Boy Named Suh,83.76,2015
15,7,The Roethlisburger s,130.7,2015
15,3,Hyde your wife,90.34,2015
15,5,Lambeau Leapers,59.26,2015
16,2,The Thunder Cats,86.5,2015
16,8,manning bros,81.58,2015
16,1,A Boy Named Suh,86.74,2015
16,5,Lambeau Leapers,53.04,2015
16,3,Hyde your wife,52.44,2015
16,7,The Roethlisburger s,75.3,2015
16,4,Joe Buck Yourself,115.74,2015
16,6,The Benchwarmers,136.36,2015
1,1,Hingle McCringlebery,111.4,2016
1,2,Hyde your wife,127.6,2016
1,3,Joe Buck Yourself,83.26,2016
1,7,The Roethlisburger s,104.16,2016
1,4,Lambeau Leapers,97.78,2016
1,6,The Benchwarmers,99.82,2016
1,5,manning bros,93.06,2016
1,8,The Thunder Cats,102.62,2016
2,1,Hingle McCringlebery,105.76,2016
2,3,Joe Buck Yourself,124.86,2016
2,2,Hyde your wife,81.08,2016
2,8,The Thunder Cats,92.36,2016
2,4,Lambeau Leapers,97.72,2016
2,7,The Roethlisburger s,115.92,2016
2,5,manning bros,94.52,2016
2,6,The Benchwarmers,98.0,2016
3,1,Hingle McCringlebery,117.28,2016
3,4,Lambeau Leapers,72.5,2016
3,2,Hyde your wife,92.14,2016
3,3,Joe Buck Yourself,103.36,2016
3,5,manning bros,113.0,2016
3,7,The Roethlisburger s,95.98,2016
3,6,The Benchwarmers,121.22,2016
3,8,The Thunder Cats,146.34,2016
4,1,Hingle McCringlebery,126.4,2016
4,5,manning bros,120.62,2016
4,2,Hyde your wife,108.06,2016
4,4,Lambeau Leapers,118.34,2016
4,3,Joe Buck Yourself,96.66,2016
4,8,The Thunder Cats,69.78,2016
4,6,The Benchwarmers,78.22,2016
4,7,The Roethlisburger s,57.7,2016
5,1,Hingle McCringlebery,129.1,2016
5,6,The Benchwarmers,106.6,2016
5,2,Hyde your wife,93.48,2016
5,5,manning bros,77.56,2016
5,3,Joe Buck Yourself,108.18,2016
5,4,Lambeau Leapers,110.74,2016
5,7,The Roethlisburger s,100.26,2016
5,8,The Thunder Cats,84.32,2016
6,1,Hingle McCringlebery,74.66,2016
6,7,The Roethlisburger s,85.68,2016
6,2,Hyde your wife,104.48,2016
6,6,The Benchwarmers,120.2,2016
6,3,Joe Buck Yourself,75.3,2016
6,5,manning bros,78.36,2016
6,4,Lambeau Leapers,102.14,2016
6,8,The Thunder Cats,80.6,2016
7,1,Hingle McCringlebery,75.34,2016
7,8,The Thunder Cats,99.68,2016
7,2,Hyde your wife,95.72,2016
7,7,The Roethlisburger s,96.22,2016
7,3,Joe Buck Yourself,83.3,2016
7,6,The Benchwarmers,74.14,2016
7,4,Lambeau Leapers,127.28,2016
7,5,manning bros,110.14,2016
8,1,Hingle McCringlebery,117.3,2016
8,2,Hyde your wife,90.02,2016
8,3,Joe Buck Yourself,102.82,2016
8,7,The Roethlisburger s,65.38,2016
8,4,Lambeau Leapers,128.8,2016
8,6,The Benchwarmers,73.9,2016
8,5,manning bros,95.04,2016
8,8,The Thunder Cats,93.3,2016
9,1,Hingle McCringlebery,94.84,2016
9,3,Joe Buck Yourself,137.38,2016
9,2,Hyde your wife,88.86,2016
9,8,The Thunder Cats,128.22,2016
9,4,Lambeau Leapers,73.18,2016
9,7,The Roethlisburger s,99.5,2016
9,5,manning bros,121.58,2016
9,6,The Benchwarmers,85.16,2016
10,1,Hingle McCringlebery,125.02,2016
10,4,Lambeau Leapers,84.94,2016
10,2,Hyde your wife,73.38,2016
10,3,Joe Buck Yourself,72.26,2016
10,5,manning bros,120.34,2016
10,7,The Roethlisburger s,96.44,2016
10,6,The Benchwarmers,130.44,2016
10,8,The Thunder Cats,101.92,2016
11,1,Hingle McCringlebery,106.38,2016
11,5,manning bros,106.74,2016
11,2,Hyde your wife,86.08,2016
11,4,Lambeau Leapers,97.2,2016
11,3,Joe Buck Yourself,84.9,2016
11,8,The Thunder Cats,59.1,2016
11,6,The Benchwarmers,91.12,2016
11,7,The Roethlisburger s,68.78,2016
12,1,Hingle McCringlebery,96.34,2016
12,6,The Benchwarmers,98.08,2016
12,2,Hyde your wife,87.26,2016
12,5,manning bros,89.62,2016
12,3,Joe Buck Yourself,102.0,2016
12,4,Lambeau Leapers,94.44,2016
12,7,The Roethlisburger s,102.04,2016
12,8,The Thunder Cats,110.9,2016
13,1,Hingle McCringlebery,106.96,2016
13,7,The Roethlisburger s,108.68,2016
13,2,Hyde your wife,70.38,2016
13,6,The Benchwarmers,110.94,2016
13,3,Joe Buck Yourself,89.2,2016
13,5,manning bros,108.26,2016
13,4,Lambeau Leapers,101.96,2016
13,8,The Thunder Cats,83.84,2016
14,1,Hingle McCringlebery,84.3,2016
14,6,The Benchwarmers,81.52,2016
14,2,Hyde your wife,91.98,2016
14,5,manning bros,83.64,2016
14,3,Joe Buck Yourself,52.08,2016
14,8,The Thunder Cats,72.08,2016
14,4,Lambeau Leapers,108.24,2016
14,7,The Roethlisburger s,95.8,2016
15,1,Hingle McCringlebery,84.14,2016
15,8,The Thunder Cats,111.86,2016
15,2,Hyde your wife,103.04,2016
15,4,Lambeau Leapers,94.82,2016
15,3,Joe Buck Yourself,77.82,2016
15,6,The Benchwarmers,122.72,2016
15,5,manning bros,81.08,2016
15,7,The Roethlisburger s,101.5,2016
16,2,Hyde your wife,74.18,2016
16,8,The Thunder Cats,95.66,2016
16,1,Hingle McCringlebery,99.96,2016
16,4,Lambeau Leapers,95.36,2016
16,3,Joe Buck Yourself,112.68,2016
16,5,manning bros,115.58,2016
16,6,The Benchwarmers,117.5,2016
16,7,The Roethlisburger s,130.82,2016
1,1,Hingle McCringlebery,85.84,2017
1,2,Frank The Tank,77.78,2017
1,3,Joe Buck Yourself,77.1,2017
1,9,Jackson's Team,85.44,2017
1,4,Lambeau Leapers,67.64,2017
1,8,Thunder Cats,84.44,2017
1,5,King of the Hill,70.94,2017
1,7,The Roethlisburger s,75.12,2017
1,6,Starting Defense,60.52,2017
1,10,Talladega Knights,72.08,2017
2,1,Hingle McCringlebery,74.34,2017
2,3,Joe Buck Yourself,91.26,2017
2,2,Frank The Tank,67.76,2017
2,10,Talladega Knights,90.28,2017
2,4,Lambeau Leapers,127.52,2017
2,9,Jackson's Team,69.5,2017
2,5,King of the Hill,120.2,2017
2,8,Thunder Cats,79.82,2017
2,6,Starting Defense,84.92,2017
2,7,The Roethlisburger s,94.02,2017
3,1,Hingle McCringlebery,62.2,2017
3,4,Lambeau Leapers,74.22,2017
3,2,Frank The Tank,62.92,2017
3,3,Joe Buck Yourself,100.6,2017
3,5,King of the Hill,87.22,2017
3,9,Jackson's Team,105.9,2017
3,6,Starting Defense,106.46,2017
3,8,Thunder Cats,76.68,2017
3,7,The Roethlisburger s,91.2,2017
3,10,Talladega Knights,141.32,2017
4,1,Hingle McCringlebery,84.82,2017
4,5,King of the Hill,110.48,2017
4,2,Frank The Tank,68.48,2017
4,4,Lambeau Leapers,82.46,2017
4,3,Joe Buck Yourself,89.0,2017
4,10,Talladega Knights,80.18,2017
4,6,Starting Defense,75.66,2017
4,9,Jackson's Team,76.54,2017
4,7,The Roethlisburger s,101.44,2017
4,8,Thunder Cats,76.58,2017
5,1,Hingle McCringlebery,98.9,2017
5,6,Starting Defense,75.42,2017
5,2,Frank The Tank,82.66,2017
5,5,King of the Hill,88.56,2017
5,3,Joe Buck Yourself,84.54,2017
5,4,Lambeau Leapers,109.84,2017
5,7,The Roethlisburger s,77.28,2017
5,9,Jackson's Team,104.22,2017
5,8,Thunder Cats,98.64,2017
5,10,Talladega Knights,78.02,2017
6,1,Hingle McCringlebery,100.04,2017
6,7,The Roethlisburger s,100.8,2017
6,2,Frank The Tank,114.94,2017
6,6,Starting Defense,124.08,2017
6,3,Joe Buck Yourself,106.3,2017
6,5,King of the Hill,64.82,2017
6,4,Lambeau Leapers,84.32,2017
6,10,Talladega Knights,97.88,2017
6,8,Thunder Cats,94.76,2017
6,9,Jackson's Team,66.22,2017
7,1,Hingle McCringlebery,87.04,2017
7,8,Thunder Cats,96.86,2017
7,2,Frank The Tank,75.18,2017
7,7,The Roethlisburger s,134.16,2017
7,3,Joe Buck Yourself,77.62,2017
7,6,Starting Defense,130.46,2017
7,4,Lambeau Leapers,57.98,2017
7,5,King of the Hill,72.52,2017
7,9,Jackson's Team,73.32,2017
7,10,Talladega Knights,108.66,2017
8,1,Hingle McCringlebery,94.76,2017
8,9,Jackson's Team,69.78,2017
8,2,Frank The Tank,87.78,2017
8,8,Thunder Cats,122.42,2017
8,3,Joe Buck Yourself,101.92,2017
8,7,The Roethlisburger s,125.68,2017
8,4,Lambeau Leapers,87.64,2017
8,6,Starting Defense,106.78,2017
8,5,King of the Hill,68.96,2017
8,10,Talladega Knights,91.82,2017
9,1,Hingle McCringlebery,97.22,2017
9,10,Talladega Knights,132.2,2017
9,2,Frank The Tank,72.32,2017
9,9,Jackson's Team,89.24,2017
9,3,Joe Buck Yourself,74.6,2017
9,8,Thunder Cats,73.66,2017
9,4,Lambeau Leapers,56.76,2017
9,7,The Roethlisburger s,94.32,2017
9,5,King of the Hill,108.32,2017
9,6,Starting Defense,92.18,2017
10,1,Hingle McCringlebery,100.26,2017
10,2,Frank The Tank,95.28,2017
10,3,Joe Buck Yourself,68.94,2017
10,9,Jackson's Team,93.4,2017
10,4,Lambeau Leapers,75.42,2017
10,8,Thunder Cats,76.44,2017
10,5,King of the Hill,89.8,2017
10,7,The Roethlisburger s,66.24,2017
10,6,Starting Defense,79.62,2017
10,10,Talladega Knights,107.94,2017
11,1,Hingle McCringlebery,90.7,2017
11,3,Joe Buck Yourself,112.28,2017
11,2,Frank The Tank,77.5,2017
11,10,Talladega Knights,103.3,2017
11,4,Lambeau Leapers,106.92,2017
11,9,Jackson's Team,97.7,2017
11,5,King of the Hill,73.4,2017
11,8,Thunder Cats,71.9,2017
11,6,Starting Defense,120.32,2017
11,7,The Roethlisburger s,118.66,2017
12,1,Hingle McCringlebery,94.84,2017
12,4,Lambeau Leapers,96.38,2017
12,2,Frank The Tank,99.16,2017
12,3,Joe Buck Yourself,122.76,2017
12,5,King of the Hill,62.78,2017
12,9,Jackson's Team,91.46,2017
12,6,Starting Defense,114.32,2017
12,8,Thunder Cats,98.82,2017
12,7,The Roethlisburger s,95.14,2017
12,10,Talladega Knights,107.98,2017
13,1,Hingle McCringlebery,104.46,2017
13,5,King of the Hill,95.82,2017
13,2,Frank The Tank,104.94,2017
13,4,Lambeau Leapers,91.42,2017
13,3,Joe Buck Yourself,118.78,2017
13,10,Talladega Knights,86.62,2017
13,6,Starting Defense,115.18,2017
13,9,Jackson's Team,82.16,2017
13,7,The Roethlisburger s,100.3,2017
13,8,Thunder Cats,83.62,2017
14,3,Joe Buck Yourself,101.0,2017
14,9,Jackson's Team,97.96,2017
14,4,Lambeau Leapers,113.34,2017
14,10,Talladega Knights,110.52,2017
14,5,King of the Hill,94.64,2017
14,6,Starting Defense,117.94,2017
14,7,The Roethlisburger s,72.54,2017
14,8,Thunder Cats,79.28,2017
15,3,Joe Buck Yourself,100.14,2017
15,8,Thunder Cats,115.68,2017
15,4,Lambeau Leapers,97.2,2017
15,6,Starting Defense,110.48,2017
15,5,King of the Hill,98.64,2017
15,10,Talladega Knights,133.72,2017
15,7,The Roethlisburger s,114.74,2017
15,9,Jackson's Team,91.78,2017
16,6,Starting Defense,81.02,2017
16,8,Thunder Cats,87.34,2017
16,3,Joe Buck Yourself,81.66,2017
16,4,Lambeau Leapers,59.42,2017
16,5,King of the Hill,108.48,2017
16,9,Jackson's Team,53.1,2017
16,7,The Roethlisburger s,93.54,2017
16,10,Talladega Knights,104.26,2017
1,1,Hingle McCringlebery,155.54,2018
1,2,Brokaw's Bums,74.84,2018
1,3,Hingle Handlers,112.56,2018
1,9,The Roethlisburger s,96.92,2018
1,4,Joe Buck Yourself,90.84,2018
1,8,Talladega Knights,153.98,2018
1,5,King of the Hill,119.14,2018
1,7,Starting Defense,87.14,2018
1,6,Lambeau Leapers,154.44,2018
1,10,Thunder Cats,114.92,2018
2,1,Hingle McCringlebery,126.6,2018
2,3,Hingle Handlers,117.52,2018
2,2,Brokaw's Bums,131.68,2018
2,10,Thunder Cats,95.74,2018
2,4,Joe Buck Yourself,101.54,2018
2,9,The Roethlisburger s,159.44,2018
2,5,King of the Hill,126.46,2018
2,8,Talladega Knights,87.06,2018
2,6,Lambeau Leapers,92.64,2018
2,7,Starting Defense,108.02,2018
3,1,Hingle McCringlebery,114.2,2018
3,4,Joe Buck Yourself,116.34,2018
3,2,Brokaw's Bums,93.26,2018
3,3,Hingle Handlers,111.24,2018
3,5,King of the Hill,131.56,2018
3,9,The Roethlisburger s,117.26,2018
3,6,Lambeau Leapers,85.4,2018
3,8,Talladega Knights,124.52,2018
3,7,Starting Defense,117.7,2018
3,10,Thunder Cats,62.94,2018
4,1,Hingle McCringlebery,121.5,2018
4,5,King of the Hill,135.4,2018
4,2,Brokaw's Bums,162.96,2018
4,4,Joe Buck Yourself,168.78,2018
4,3,Hingle Handlers,119.38,2018
4,10,Thunder Cats,109.78,2018
4,6,Lambeau Leapers,71.92,2018
4,9,The Roethlisburger s,100.56,2018
4,7,Starting Defense,186.92,2018
4,8,Talladega Knights,121.26,2018
5,1,Hingle McCringlebery,141.4,2018
5,6,Lambeau Leapers,108.68,2018
5,2,Brokaw's Bums,95.1,2018
5,5,King of the Hill,86.34,2018
5,3,Hingle Handlers,115.66,2018
5,4,Joe Buck Yourself,125.1,2018
5,7,Starting Defense,103.08,2018
5,9,The Roethlisburger s,110.92,2018
5,8,Talladega Knights,112.24,2018
5,10,Thunder Cats,96.34,2018
6,1,Hingle McCringlebery,142.58,2018
6,7,Starting Defense,70.6,2018
6,2,Brokaw's Bums,141.1,2018
6,6,Lambeau Leapers,134.9,2018
6,3,Hingle Handlers,136.18,2018
6,5,King of the Hill,98.04,2018
6,4,Joe Buck Yourself,127.5,2018
6,10,Thunder Cats,104.92,2018
6,8,Talladega Knights,108.9,2018
6,9,The Roethlisburger s,120.78,2018
7,1,Hingle McCringlebery,111.54,2018
7,8,Talladega Knights,73.08,2018
7,2,Brokaw's Bums,93.06,2018
7,7,Starting Defense,133.86,2018
7,3,Hingle Handlers,102.08,2018
7,6,Lambeau Leapers,99.68,2018
7,4,Joe Buck Yourself,137.92,2018
7,5,King of the Hill,109.78,2018
7,9,The Roethlisburger s,134.44,2018
7,10,Thunder Cats,126.84,2018
8,1,Hingle McCringlebery,144.66,2018
8,9,The Roethlisburger s,106.62,2018
8,2,Brokaw's Bums,116.9,2018
8,8,Talladega Knights,100.26,2018
8,3,Hingle Handlers,102.4,2018
8,7,Starting Defense,110.96,2018
8,4,Joe Buck Yourself,134.14,2018
8,6,Lambeau Leapers,100.44,2018
8,5,King of the Hill,127.2,2018
8,10,Thunder Cats,123.16,2018
9,1,Hingle McCringlebery,136.92,2018
9,10,Thunder Cats,118.66,2018
9,2,Brokaw's Bums,106.6,2018
9,9,The Roethlisburger s,143.5,2018
9,3,Hingle Handlers,110.74,2018
9,8,Talladega Knights,96.06,2018
9,4,Joe Buck Yourself,124.82,2018
9,7,Starting Defense,124.48,2018
9,5,King of the Hill,106.34,2018
9,6,Lambeau Leapers,71.94,2018
10,1,Hingle McCringlebery,148.2,2018
10,2,Brokaw's Bums,109.7,2018
10,3,Hingle Handlers,103.2,2018
10,9,The Roethlisburger s,138.66,2018
10,4,Joe Buck Yourself,146.92,2018
10,8,Talladega Knights,117.54,2018
10,5,King of the Hill,93.62,2018
10,7,Starting Defense,85.52,2018
10,6,Lambeau Leapers,105.9,2018
10,10,Thunder Cats,134.04,2018
11,1,Hingle McCringlebery,161.02,2018
11,3,Hingle Handlers,145.82,2018
11,2,Brokaw's Bums,87.34,2018
11,10,Thunder Cats,102.9,2018
11,4,Joe Buck Yourself,129.56,2018
11,9,The Roethlisburger s,150.42,2018
11,5,King of the Hill,95.12,2018
11,8,Talladega Knights,96.68,2018
11,6,Lambeau Leapers,116.28,2018
11,7,Starting Defense,108.88,2018
12,1,Hingle McCringlebery,129.92,2018
12,4,Joe Buck Yourself,105.88,2018
12,2,Brokaw's Bums,118.18,2018
12,3,Hingle Handlers,105.24,2018
12,5,King of the Hill,129.46,2018
12,9,The Roethlisburger s,103.04,2018
12,6,Lambeau Leapers,118.52,2018
12,8,Talladega Knights,137.22,2018
12,7,Starting Defense,103.34,2018
12,10,Thunder Cats,132.88,2018
13,1,Hingle McCringlebery,107.56,2018
13,5,King of the Hill,152.68,2018
13,2,Brokaw's Bums,114.08,2018
13,4,Joe Buck Yourself,111.8,2018
13,3,Hingle Handlers,73.08,2018
13,10,Thunder Cats,87.94,2018
13,6,Lambeau Leapers,58.72,2018
13,9,The Roethlisburger s,96.6,2018
13,7,Starting Defense,117.4,2018
13,8,Talladega Knights,98.6,2018
14,1,Hingle McCringlebery,121.78,2018
14,8,Talladega Knights,91.88,2018
14,2,Brokaw's Bums,145.18,2018
14,9,The Roethlisburger s,122.78,2018
14,3,Hingle Handlers,95.84,2018
14,5,King of the Hill,90.3,2018
14,4,Joe Buck Yourself,81.58,2018
14,7,Starting Defense,92.8,2018
15,1,Hingle McCringlebery,104.76,2018
15,7,Starting Defense,67.38,2018
15,2,Brokaw's Bums,77.24,2018
15,3,Hingle Handlers,107.92,2018
15,4,Joe Buck Yourself,82.2,2018
15,8,Talladega Knights,105.46,2018
15,5,King of the Hill,97.16,2018
15,9,The Roethlisburger s,111.52,2018
16,1,Hingle McCringlebery,132.96,2018
16,3,Hingle Handlers,128.94,2018
16,2,Brokaw's Bums,80.46,2018
16,7,Starting Defense,104.64,2018
16,4,Joe Buck Yourself,139.6,2018
16,5,King of the Hill,102.86,2018
16,8,Talladega Knights,88.54,2018
16,9,The Roethlisburger s,124.62,2018
1,1,Hingle McCringlebery,90.54,2019
1,2,Brokaw's Bums,90.76,2019
1,3,Jackson's Team,132.66,2019
1,9,The Roethlisburger s,126.5,2019
1,4,Joe Buck Yourself,93.5,2019
1,8,Talladega Knights,110.3,2019
1,5,Patrick Mahomes,133.32,2019
1,7,Starting Defense,101.3,2019
1,6,Lambeau Leapers,108.72,2019
1,10,The Cousin Lovers,134.42,2019
2,1,Hingle McCringlebery,86.38,2019
2,3,Jackson's Team,122.32,2019
2,2,Brokaw's Bums,125.8,2019
2,10,The Cousin Lovers,87.06,2019
2,4,Joe Buck Yourself,112.3,2019
2,9,The Roethlisburger s,96.06,2019
2,5,Patrick Mahomes,140.22,2019
2,8,Talladega Knights,60.72,2019
2,6,Lambeau Leapers,113.66,2019
2,7,Starting Defense,105.7,2019
3,1,Hingle McCringlebery,122.78,2019
3,4,Joe Buck Yourself,129.54,2019
3,2,Brokaw's Bums,124.66,2019
3,3,Jackson's Team,120.72,2019
3,5,Patrick Mahomes,110.26,2019
3,9,The Roethlisburger s,203.64,2019
3,6,Lambeau Leapers,103.9,2019
3,8,Talladega Knights,104.02,2019
3,7,Starting Defense,90.6,2019
3,10,The Cousin Lovers,107.34,2019
4,1,Hingle McCringlebery,91.78,2019
4,5,Patrick Mahomes,133.6,2019
4,2,Brokaw's Bums,66.58,2019
4,4,Joe Buck Yourself,100.1,2019
4,3,Jackson's Team,137.1,2019
4,10,The Cousin Lovers,84.0,2019
4,6,Lambeau Leapers,165.28,2019
4,9,The Roethlisburger s,87.82,2019
4,7,Starting Defense,138.78,2019
4,8,Talladega Knights,117.3,2019
5,1,Hingle McCringlebery,114.54,2019
5,6,Lambeau Leapers,107.02,2019
5,2,Brokaw's Bums,142.3,2019
5,5,Patrick Mahomes,109.14,2019
5,3,Jackson's Team,108.16,2019
5,4,Joe Buck Yourself,179.72,2019
5,7,Starting Defense,144.6,2019
5,9,The Roethlisburger s,75.34,2019
5,8,Talladega Knights,121.64,2019
5,10,The Cousin Lovers,148.54,2019
6,1,Hingle McCringlebery,164.94,2019
6,7,Starting Defense,99.16,2019
6,2,Brokaw's Bums,95.14,2019
6,6,Lambeau Leapers,137.02,2019
6,3,Jackson's Team,94.8,2019
6,5,Patrick Mahomes,111.82,2019
6,4,Joe Buck Yourself,122.0,2019
6,10,The Cousin Lovers,105.2,2019
6,8,Talladega Knights,103.02,2019
6,9,The Roethlisburger s,80.02,2019
7,1,Hingle McCringlebery,114.12,2019
7,8,Talladega Knights,105.0,2019
7,2,Brokaw's Bums,115.06,2019
7,7,Starting Defense,79.56,2019
7,3,Jackson's Team,130.68,2019
7,6,Lambeau Leapers,117.16,2019
7,4,Joe Buck Yourself,82.24,2019
7,5,Patrick Mahomes,104.84,2019
7,9,The Roethlisburger s,81.56,2019
7,10,The Cousin Lovers,82.72,2019
8,1,Hingle McCringlebery,127.5,2019
8,9,The Roethlisburger s,130.0,2019
8,2,Brokaw's Bums,87.38,2019
8,8,Talladega Knights,99.02,2019
8,3,Jackson's Team,104.06,2019
8,7,Starting Defense,148.56,2019
8,4,Joe Buck Yourself,124.48,2019
8,6,Lambeau Leapers,138.7,2019
8,5,Patrick Mahomes,146.28,2019
8,10,The Cousin Lovers,100.56,2019
9,1,Hingle McCringlebery,115.32,2019
9,10,The Cousin Lovers,100.24,2019
9,2,Brokaw's Bums,100.94,2019
9,9,The Roethlisburger s,144.88,2019
9,3,Jackson's Team,107.9,2019
9,8,Talladega Knights,87.76,2019
9,4,Joe Buck Yourself,126.42,2019
9,7,Starting Defense,79.2,2019
9,5,Patrick Mahomes,82.46,2019
9,6,Lambeau Leapers,133.64,2019
10,1,Hingle McCringlebery,140.12,2019
10,2,Brokaw's Bums,146.48,2019
10,3,Jackson's Team,130.12,2019
10,9,The Roethlisburger s,115.88,2019
10,4,Joe Buck Yourself,88.58,2019
10,8,Talladega Knights,115.78,2019
10,5,Patrick Mahomes,120.64,2019
10,7,Starting Defense,70.12,2019
10,6,Lambeau Leapers,98.02,2019
10,10,The Cousin Lovers,101.54,2019
11,1,Hingle McCringlebery,96.18,2019
11,3,Jackson's Team,115.42,2019
11,2,Brokaw's Bums,77.14,2019
11,10,The Cousin Lovers,75.76,2019
11,4,Joe Buck Yourself,125.54,2019
11,9,The Roethlisburger s,121.58,2019
11,5,Patrick Mahomes,133.38,2019
11,8,Talladega Knights,128.32,2019
11,6,Lambeau Leapers,109.96,2019
11,7,Starting Defense,92.22,2019
12,1,Hingle McCringlebery,101.46,2019
12,4,Joe Buck Yourself,103.9,2019
12,2,Brokaw's Bums,87.34,2019
12,3,Jackson's Team,149.72,2019
12,5,Patrick Mahomes,127.76,2019
12,9,The Roethlisburger s,77.58,2019
12,6,Lambeau Leapers,89.46,2019
12,8,Talladega Knights,87.04,2019
12,7,Starting Defense,100.68,2019
12,10,The Cousin Lovers,112.92,2019
13,1,Hingle McCringlebery,112.3,2019
13,5,Patrick Mahomes,111.4,2019
13,2,Brokaw's Bums,76.46,2019
13,4,Joe Buck Yourself,68.4,2019
13,3,Jackson's Team,96.36,2019
13,10,The Cousin Lovers,127.76,2019
13,6,Lambeau Leapers,127.92,2019
13,9,The Roethlisburger s,88.8,2019
13,7,Starting Defense,70.46,2019
13,8,Talladega Knights,115.26,2019
14,1,Hingle McCringlebery,116.2,2019
14,5,Patrick Mahomes,78.92,2019
14,2,Brokaw's Bums,88.62,2019
14,4,Joe Buck Yourself,124.7,2019
14,3,Jackson's Team,139.54,2019
14,10,The Cousin Lovers,144.28,2019
14,6,Lambeau Leapers,127.1,2019
14,8,Talladega Knights,119.66,2019
15,1,Hingle McCringlebery,164.38,2019
15,4,Joe Buck Yourself,175.74,2019
15,6,Lambeau Leapers,99.6,2019
15,10,The Cousin Lovers,99.92,2019
15,2,Brokaw's Bums,94.3,2019
15,5,Patrick Mahomes,136.22,2019
15,3,Jackson's Team,14.9,2019
15,8,Talladega Knights,88.68,2019
16,4,Joe Buck Yourself,126.36,2019
16,10,The Cousin Lovers,112.86,2019
16,1,Hingle McCringlebery,97.12,2019
16,6,Lambeau Leapers,125.24,2019
16,2,Brokaw's Bums,4.4,2019
16,3,Jackson's Team,4.8,2019
16,5,Patrick Mahomes,143.64,2019
16,8,Talladega Knights,123.66,2019
1,1,Hingle McCringlebery,116.54,2020
1,2,Brokaw's Bums,125.9,2020
1,3,Jackson's Team,114.74,2020
1,9,The Roethlisberger's,130.58,2020
1,4,Joe Buck Yourself,98.5,2020
1,8,Talladega Knights,108.18,2020
1,5,D Hop,107.96,2020
1,7,Starting Defense,109.7,2020
1,6,Lambeau Leapers,131.6,2020
1,10,The Cousin Lovers,137.32,2020
2,1,Hingle McCringlebery,141.7,2020
2,3,Jackson's Team,120.68,2020
2,2,Brokaw's Bums,139.14,2020
2,10,The Cousin Lovers,128.1,2020
2,4,Joe Buck Yourself,130.28,2020
2,9,The Roethlisberger's,147.1,2020
2,5,D Hop,61.18,2020
2,8,Talladega Knights,134.72,2020
2,6,Lambeau Leapers,144.76,2020
2,7,Starting Defense,124.02,2020
3,1,Hingle McCringlebery,121.68,2020
3,4,Joe Buck Yourself,111.6,2020
3,2,Brokaw's Bums,113.4,2020
3,3,Jackson's Team,144.2,2020
3,5,D Hop,136.58,2020
3,9,The Roethlisberger's,120.14,2020
3,6,Lambeau Leapers,112.08,2020
3,8,Talladega Knights,139.5,2020
3,7,Starting Defense,60.92,2020
3,10,The Cousin Lovers,154.78,2020
4,1,Hingle McCringlebery,136.78,2020
4,5,D Hop,92.14,2020
4,2,Brokaw's Bums,123.22,2020
4,4,Joe Buck Yourself,98.3,2020
4,3,Jackson's Team,143.44,2020
4,10,The Cousin Lovers,116.3,2020
4,6,Lambeau Leapers,134.82,2020
4,9,The Roethlisberger's,112.42,2020
4,7,Starting Defense,91.88,2020
4,8,Talladega Knights,85.8,2020
5,1,Hingle McCringlebery,125.04,2020
5,6,Lambeau Leapers,110.3,2020
5,2,Brokaw's Bums,120.0,2020
5,5,D Hop,122.96,2020
5,3,Jackson's Team,141.6,2020
5,4,Joe Buck Yourself,102.86,2020
5,7,Starting Defense,71.64,2020
5,9,The Roethlisberger's,112.06,2020
5,8,Talladega Knights,96.28,2020
5,10,The Cousin Lovers,115.36,2020
6,1,Hingle McCringlebery,119.28,2020
6,7,Starting Defense,120.44,2020
6,2,Brokaw's Bums,108.92,2020
6,6,Lambeau Leapers,119.04,2020
6,3,Jackson's Team,83.6,2020
6,5,D Hop,96.78,2020
6,4,Joe Buck Yourself,92.62,2020
6,10,The Cousin Lovers,157.4,2020
6,8,Talladega Knights,87.82,2020
6,9,The Roethlisberger's,91.08,2020
7,1,Hingle McCringlebery,80.26,2020
7,8,Talladega Knights,134.42,2020
7,2,Brokaw's Bums,121.4,2020
7,7,Starting Defense,161.96,2020
7,3,Jackson's Team,87.6,2020
7,6,Lambeau Leapers,137.12,2020
7,4,Joe Buck Yourself,97.8,2020
7,5,D Hop,104.92,2020
7,9,The Roethlisberger's,96.28,2020
7,10,The Cousin Lovers,142.96,2020
8,1,Hingle McCringlebery,126.96,2020
8,9,The Roethlisberger's,94.76,2020
8,2,Brokaw's Bums,85.12,2020
8,8,Talladega Knights,117.24,2020
8,3,Jackson's Team,141.64,2020
8,7,Starting Defense,105.94,2020
8,4,Joe Buck Yourself,104.72,2020
8,6,Lambeau Leapers,122.12,2020
8,5,D Hop,99.16,2020
8,10,The Cousin Lovers,82.94,2020
9,1,Hingle McCringlebery,86.46,2020
9,10,The Cousin Lovers,90.94,2020
9,2,Brokaw's Bums,131.62,2020
9,9,The Roethlisberger's,126.3,2020
9,3,Jackson's Team,106.18,2020
9,8,Talladega Knights,114.9,2020
9,4,Joe Buck Yourself,94.52,2020
9,7,Starting Defense,143.26,2020
9,5,D Hop,83.04,2020
9,6,Lambeau Leapers,129.4,2020
10,1,Hingle McCringlebery,142.94,2020
10,2,Brokaw's Bums,108.0,2020
10,3,Jackson's Team,66.58,2020
10,9,The Roethlisberger's,137.36,2020
10,4,Joe Buck Yourself,117.64,2020
10,8,Talladega Knights,87.72,2020
10,5,D Hop,103.78,2020
10,7,Starting Defense,60.18,2020
10,6,Lambeau Leapers,94.1,2020
10,10,The Cousin Lovers,91.42,2020
11,1,Hingle McCringlebery,127.36,2020
11,3,Jackson's Team,98.52,2020
11,2,Brokaw's Bums,163.46,2020
11,10,The Cousin Lovers,113.66,2020
11,4,Joe Buck Yourself,101.1,2020
11,9,The Roethlisberger's,106.22,2020
11,5,D Hop,101.08,2020
11,8,Talladega Knights,118.08,2020
11,6,Lambeau Leapers,103.54,2020
11,7,Starting Defense,86.08,2020
12,1,Hingle McCringlebery,92.46,2020
12,4,Joe Buck Yourself,110.3,2020
12,2,Brokaw's Bums,99.2,2020
12,3,Jackson's Team,121.78,2020
12,5,D Hop,109.74,2020
12,9,The Roethlisberger's,87.38,2020
12,6,Lambeau Leapers,114.34,2020
12,8,Talladega Knights,156.2,2020
12,7,Starting Defense,123.1,2020
12,10,The Cousin Lovers,112.72,2020
13,1,Hingle McCringlebery,158.3,2020
13,5,D Hop,88.76,2020
13,2,Brokaw's Bums,108.12,2020
13,4,Joe Buck Yourself,128.76,2020
13,3,Jackson's Team,101.62,2020
13,10,The Cousin Lovers,95.74,2020
13,6,Lambeau Leapers,104.7,2020
13,9,The Roethlisberger's,87.0,2020
13,7,Starting Defense,108.5,2020
13,8,Talladega Knights,122.72,2020
14,1,Hingle McCringlebery,108.54,2020
14,3,Jackson's Team,110.12,2020
14,5,D Hop,125.72,2020
14,10,The Cousin Lovers,105.36,2020
14,6,Lambeau Leapers,115.6,2020
14,7,Starting Defense,95.04,2020
14,8,Talladega Knights,149.54,2020
14,9,The Roethlisberger's,128.32,2020
15,3,Jackson's Team,120.06,2020
15,8,Talladega Knights,94.24,2020
15,5,D Hop,132.62,2020
15,6,Lambeau Leapers,137.52,2020
15,1,Hingle McCringlebery,134.8,2020
15,9,The Roethlisberger's,131.86,2020
15,7,Starting Defense,101.34,2020
15,10,The Cousin Lovers,149.22,2020
16,3,Jackson's Team,124.82,2020
16,6,Lambeau Leapers,103.04,2020
16,1,Hingle McCringlebery,134.02,2020
16,10,The Cousin Lovers,103.76,2020
16,5,D Hop,117.48,2020
16,8,Talladega Knights,132.2,2020
16,7,Starting Defense,92.0,2020
16,9,The Roethlisberger's,141.7,2020
1,1,Hingle McCringlebery,135.16,2021
1,5,Joe Buck Yourself,112.46,2021
1,2,Brokaw's Bums,112.12,2021
1,10,The Roethlisberger's,95.58,2021
1,3,Simps Squad,116.12,2021
1,8,Talladega Knights,112.1,2021
1,4,Jackson's Team,125.66,2021
1,6,Lambeau Leapers,101.88,2021
1,7,Starting Defense,121.24,2021
1,9,The Cousin Lovers,151.68,2021
2,1,Hingle McCringlebery,113.74,2021
2,9,The Cousin Lovers,104.32,2021
2,2,Brokaw's Bums,131.5,2021
2,8,Talladega Knights,154.86,2021
2,3,Simps Squad,79.08,2021
2,5,Joe Buck Yourself,124.92,2021
2,4,Jackson's Team,134.3,2021
2,10,The Roethlisberger's,123.22,2021
2,6,Lambeau Leapers,90.58,2021
2,7,Starting Defense,107.7,2021
3,1,Hingle McCringlebery,129.78,2021
3,7,Starting Defense,100.28,2021
3,2,Brokaw's Bums,57.84,2021
3,5,Joe Buck Yourself,116.52,2021
3,3,Simps Squad,109.92,2021
3,9,The Cousin Lovers,106.1,2021
3,4,Jackson's Team,134.34,2021
3,8,Talladega Knights,111.12,2021
3,6,Lambeau Leapers,122.78,2021
3,10,The Roethlisberger's,112.14,2021
4,1,Hingle McCringlebery,92.36,2021
4,6,Lambeau Leapers,109.92,2021
4,2,Brokaw's Bums,114.9,2021
4,9,The Cousin Lovers,158.22,2021
4,3,Simps Squad,82.32,2021
4,7,Starting Defense,118.88,2021
4,4,Jackson's Team,148.12,2021
4,5,Joe Buck Yourself,100.66,2021
4,8,Talladega Knights,116.12,2021
4,10,The Roethlisberger's,104.78,2021
5,1,Hingle McCringlebery,127.14,2021
5,3,Simps Squad,142.98,2021
5,2,Brokaw's Bums,89.1,2021
5,7,Starting Defense,160.98,2021
5,4,Jackson's Team,116.96,2021
5,9,The Cousin Lovers,98.48,2021
5,5,Joe Buck Yourself,151.78,2021
5,10,The Roethlisberger's,131.12,2021
5,6,Lambeau Leapers,146.06,2021
5,8,Talladega Knights,174.6,2021
6,1,Hingle McCringlebery,122.58,2021
6,2,Brokaw's Bums,169.24,2021
6,3,Simps Squad,131.7,2021
6,6,Lambeau Leapers,108.1,2021
6,4,Jackson's Team,116.66,2021
6,7,Starting Defense,64.18,2021
6,5,Joe Buck Yourself,164.84,2021
6,8,Talladega Knights,127.92,2021
6,9,The Cousin Lovers,119.38,2021
6,10,The Roethlisberger's,97.3,2021
7,1,Hingle McCringlebery,92.54,2021
7,4,Jackson's Team,106.74,2021
7,2,Brokaw's Bums,140.66,2021
7,3,Simps Squad,85.48,2021
7,5,Joe Buck Yourself,147.04,2021
7,6,Lambeau Leapers,84.46,2021
7,7,Starting Defense,114.78,2021
7,10,The Roethlisberger's,84.38,2021
7,8,Talladega Knights,155.44,2021
7,9,The Cousin Lovers,94.84,2021
8,1,Hingle McCringlebery,103.2,2021
8,10,The Roethlisberger's,96.82,2021
8,2,Brokaw's Bums,96.4,2021
8,6,Lambeau Leapers,73.56,2021
8,3,Simps Squad,74.98,2021
8,4,Jackson's Team,108.56,2021
8,5,Joe Buck Yourself,135.76,2021
8,9,The Cousin Lovers,119.8,2021
8,7,Starting Defense,102.22,2021
8,8,Talladega Knights,102.86,2021
9,1,Hingle McCringlebery,94.7,2021
9,8,Talladega Knights,105.36,2021
9,2,Brokaw's Bums,111.76,2021
9,4,Jackson's Team,96.5,2021
9,3,Simps Squad,79.54,2021
9,10,The Roethlisberger's,105.24,2021
9,5,Joe Buck Yourself,109.18,2021
9,7,Starting Defense,94.78,2021
9,6,Lambeau Leapers,72.42,2021
9,9,The Cousin Lovers,72.34,2021
10,1,Hingle McCringlebery,101.3,2021
10,5,Joe Buck Yourself,115.94,2021
10,2,Brokaw's Bums,143.72,2021
10,10,The Roethlisberger's,93.3,2021
10,3,Simps Squad,70.24,2021
10,8,Talladega Knights,92.34,2021
10,4,Jackson's Team,105.74,2021
10,6,Lambeau Leapers,90.94,2021
10,7,Starting Defense,55.22,2021
10,9,The Cousin Lovers,150.14,2021
11,1,Hingle McCringlebery,156.88,2021
11,9,The Cousin Lovers,86.8,2021
11,2,Brokaw's Bums,96.02,2021
11,8,Talladega Knights,102.96,2021
11,3,Simps Squad,64.08,2021
11,5,Joe Buck Yourself,134.64,2021
11,4,Jackson's Team,152.02,2021
11,10,The Roethlisberger's,143.58,2021
11,6,Lambeau Leapers,125.6,2021
11,7,Starting Defense,84.28,2021
12,1,Hingle McCringlebery,104.9,2021
12,7,Starting Defense,56.9,2021
12,2,Brokaw's Bums,120.88,2021
12,5,Joe Buck Yourself,137.6,2021
12,3,Simps Squad,104.38,2021
12,9,The Cousin Lovers,104.12,2021
12,4,Jackson's Team,118.5,2021
12,8,Talladega Knights,110.6,2021
12,6,Lambeau Leapers,100.28,2021
12,10,The Roethlisberger's,91.22,2021
13,1,Hingle McCringlebery,121.12,2021
13,6,Lambeau Leapers,91.22,2021
13,2,Brokaw's Bums,120.0,2021
13,9,The Cousin Lovers,89.26,2021
13,3,Simps Squad,132.04,2021
13,7,Starting Defense,101.32,2021
13,4,Jackson's Team,118.22,2021
13,5,Joe Buck Yourself,85.62,2021
13,8,Talladega Knights,107.9,2021
13,10,The Roethlisberger's,132.48,2021
14,1,Hingle McCringlebery,138.12,2021
14,3,Simps Squad,134.0,2021
14,2,Brokaw's Bums,110.58,2021
14,7,Starting Defense,93.78,2021
14,4,Jackson's Team,123.12,2021
14,9,The Cousin Lovers,122.42,2021
14,5,Joe Buck Yourself,123.24,2021
14,10,The Roethlisberger's,71.3,2021
14,6,Lambeau Leapers,70.64,2021
14,8,Talladega Knights,140.22,2021
15,1,Hingle McCringlebery,67.36,2021
15,2,Brokaw's Bums,96.66,2021
15,3,Simps Squad,57.44,2021
15,8,Talladega Knights,93.5,2021
15,4,Jackson's Team,74.18,2021
15,9,The Cousin Lovers,123.7,2021
15,5,Joe Buck Yourself,142.08,2021
15,6,Lambeau Leapers,110.32,2021
16,2,Brokaw's Bums,114.18,2021
16,9,The Cousin Lovers,99.52,2021
16,5,Joe Buck Yourself,136.3,2021
16,8,Talladega Knights,100.56,2021
16,1,Hingle McCringlebery,116.88,2021
16,4,Jackson's Team,159.0,2021
16,3,Simps Squad,84.14,2021
16,6,Lambeau Leapers,87.38,2021
17,2,Brokaw's Bums,88.06,2021
17,5,Joe Buck Yourself,144.04,2021
17,1,Hingle McCringlebery,107.3,2021
17,3,Simps Squad,137.74,2021
17,4,Jackson's Team,132.12,2021
17,6,Lambeau Leapers,81.12,2021
17,8,Talladega Knights,87.2,2021
17,9,The Cousin Lovers,107.26,2021
1,1,Hingle McCringlebery,163.98,2022
1,2,Joe Buck Yourself,118.8,2022
1,3,Brokaw's Bums,104.98,2022
1,7,Talladega Knights,116.22,2022
1,4,Simps Squad,122.22,2022
1,9,Lambeau Leapers,97.12,2022
1,5,The Roethlisberger's,146.58,2022
1,6,The Cousin Lovers,119.06,2022
1,8,Jackson's Team,110.1,2022
1,10,Starting Defense,126.22,2022
2,1,Hingle McCringlebery,108.54,2022
2,6,The Cousin Lovers,165.66,2022
2,2,Joe Buck Yourself,121.86,2022
2,9,Lambeau Leapers,130.22,2022
2,3,Brokaw's Bums,80.9,2022
2,8,Jackson's Team,118.2,2022
2,4,Simps Squad,116.28,2022
2,10,Starting Defense,150.52,2022
2,5,The Roethlisberger's,127.48,2022
2,7,Talladega Knights,130.86,2022
3,1,Hingle McCringlebery,104.0,2022
3,7,Talladega Knights,114.5,2022
3,2,Joe Buck Yourself,111.06,2022
3,4,Simps Squad,118.56,2022
3,3,Brokaw's Bums,82.04,2022
3,10,Starting Defense,112.42,2022
3,5,The Roethlisberger's,117.1,2022
3,8,Jackson's Team,154.88,2022
3,6,The Cousin Lovers,91.84,2022
3,9,Lambeau Leapers,93.1,2022
4,1,Hingle McCringlebery,138.32,2022
4,8,Jackson's Team,86.16,2022
4,2,Joe Buck Yourself,128.58,2022
4,10,Starting Defense,127.26,2022
4,3,Brokaw's Bums,114.1,2022
4,5,The Roethlisberger's,146.32,2022
4,4,Simps Squad,146.78,2022
4,6,The Cousin Lovers,106.2,2022
4,7,Talladega Knights,117.68,2022
4,9,Lambeau Leapers,124.36,2022
5,1,Hingle McCringlebery,110.46,2022
5,3,Brokaw's Bums,120.54,2022
5,2,Joe Buck Yourself,112.76,2022
5,6,The Cousin Lovers,118.62,2022
5,4,Simps Squad,122.9,2022
5,7,Talladega Knights,170.48,2022
5,5,The Roethlisberger's,138.66,2022
5,10,Starting Defense,106.16,2022
5,8,Jackson's Team,121.08,2022
5,9,Lambeau Leapers,113.16,2022
6,1,Hingle McCringlebery,115.1,2022
6,5,The Roethlisberger's,125.0,2022
6,2,Joe Buck Yourself,99.48,2022
6,7,Talladega Knights,121.9,2022
6,3,Brokaw's Bums,116.42,2022
6,9,Lambeau Leapers,82.9,2022
6,4,Simps Squad,93.18,2022
6,8,Jackson's Team,126.22,2022
6,6,The Cousin Lovers,98.22,2022
6,10,Starting Defense,123.0,2022
7,1,Hingle McCringlebery,104.02,2022
7,10,Starting Defense,118.6,2022
7,2,Joe Buck Yourself,116.3,2022
7,8,Jackson's Team,135.82,2022
7,3,Brokaw's Bums,117.1,2022
7,4,Simps Squad,108.46,2022
7,5,The Roethlisberger's,121.16,2022
7,9,Lambeau Leapers,105.86,2022
7,6,The Cousin Lovers,97.52,2022
7,7,Talladega Knights,135.34,2022
8,1,Hingle McCringlebery,123.2,2022
8,9,Lambeau Leapers,128.8,2022
8,2,Joe Buck Yourself,136.88,2022
8,3,Brokaw's Bums,132.5,2022
8,4,Simps Squad,180.64,2022
8,5,The Roethlisberger's,140.36,2022
8,6,The Cousin Lovers,134.3,2022
8,8,Jackson's Team,120.48,2022
8,7,Talladega Knights,118.38,2022
8,10,Starting Defense,124.02,2022
9,1,Hingle McCringlebery,112.8,2022
9,4,Simps Squad,135.5,2022
9,2,Joe Buck Yourself,99.0,2022
9,5,The Roethlisberger's,107.52,2022
9,3,Brokaw's Bums,101.6,2022
9,6,The Cousin Lovers,149.4,2022
9,7,Talladega Knights,141.24,2022
9,8,Jackson's Team,119.24,2022
9,9,Lambeau Leapers,86.32,2022
9,10,Starting Defense,98.42,2022
10,1,Hingle McCringlebery,123.56,2022
10,2,Joe Buck Yourself,151.58,2022
10,3,Brokaw's Bums,98.92,2022
10,7,Talladega Knights,99.64,2022
10,4,Simps Squad,104.98,2022
10,9,Lambeau Leapers,95.7,2022
10,5,The Roethlisberger's,101.8,2022
10,6,The Cousin Lovers,92.2,2022
10,8,Jackson's Team,156.64,2022
10,10,Starting Defense,98.34,2022
11,1,Hingle McCringlebery,95.5,2022
11,6,The Cousin Lovers,110.84,2022
11,2,Joe Buck Yourself,123.22,2022
11,9,Lambeau Leapers,142.46,2022
11,3,Brokaw's Bums,130.42,2022
11,8,Jackson's Team,108.76,2022
11,4,Simps Squad,120.44,2022
11,10,Starting Defense,115.46,2022
11,5,The Roethlisberger's,114.78,2022
11,7,Talladega Knights,138.5,2022
12,1,Hingle McCringlebery,146.6,2022
12,7,Talladega Knights,101.6,2022
12,2,Joe Buck Yourself,124.02,2022
12,4,Simps Squad,122.04,2022
12,3,Brokaw's Bums,130.44,2022
12,10,Starting Defense,115.96,2022
12,5,The Roethlisberger's,144.32,2022
12,8,Jackson's Team,101.8,2022
12,6,The Cousin Lovers,86.44,2022
12,9,Lambeau Leapers,147.82,2022
13,1,Hingle McCringlebery,120.02,2022
13,8,Jackson's Team,107.62,2022
13,2,Joe Buck Yourself,108.96,2022
13,10,Starting Defense,119.94,2022
13,3,Brokaw's Bums,115.24,2022
13,5,The Roethlisberger's,106.52,2022
13,4,Simps Squad,154.9,2022
13,6,The Cousin Lovers,94.8,2022
13,7,Talladega Knights,144.44,2022
13,9,Lambeau Leapers,130.3,2022
14,1,Hingle McCringlebery,113.4,2022
14,3,Brokaw's Bums,113.66,2022
14,2,Joe Buck Yourself,117.06,2022
14,6,The Cousin Lovers,105.18,2022
14,4,Simps Squad,94.96,2022
14,7,Talladega Knights,84.36,2022
14,5,The Roethlisberger's,126.58,2022
14,10,Starting Defense,124.02,2022
14,8,Jackson's Team,111.08,2022
14,9,Lambeau Leapers,122.18,2022
15,3,Brokaw's Bums,103.08,2022
15,4,Simps Squad,115.44,2022
15,9,Lambeau Leapers,140.0,2022
15,10,Starting Defense,142.62,2022
16,4,Simps Squad,142.36,2022
16,5,The Roethlisberger's,112.68,2022
16,7,Talladega Knights,102.0,2022
16,10,Starting Defense,148.26,2022
16,1,Hingle McCringlebery,171.46,2022
16,8,Jackson's Team,119.26,2022
16,2,Joe Buck Yourself,81.76,2022
16,6,The Cousin Lovers,60.1,2022
16,3,Brokaw's Bums,79.84,2022
16,9,Lambeau Leapers,107.8,2022
17,4,Simps Squad,152.08,2022
17,10,Starting Defense,106.18,2022
17,1,Hingle McCringlebery,94.1,2022
17,2,Joe Buck Yourself,87.0,2022
17,5,The Roethlisberger's,118.3,2022
17,7,Talladega Knights,91.9,2022
17,6,The Cousin Lovers,68.18,2022
17,8,Jackson's Team,121.02,2022
1,1,Hingle McCringlebery,104.32,2023
1,5,Joe Buck Yourself,87.96,2023
1,2,Jackson's Team,95.9,2023
1,9,Talladega Knights,118.56,2023
1,3,Simps Squad,119.74,2023
1,6,Brokaw's Bums,97.78,2023
1,4,The Roethlisberger's,84.64,2023
1,8,The Cousin Lovers,92.64,2023
1,7,Lambeau Leapers,138.04,2023
1,10,Starting Defense,145.24,2023
2,1,Hingle McCringlebery,147.34,2023
2,4,The Roethlisberger's,129.14,2023
2,2,Jackson's Team,132.42,2023
2,10,Starting Defense,103.4,2023
2,3,Simps Squad,100.24,2023
2,7,Lambeau Leapers,95.46,2023
2,5,Joe Buck Yourself,135.68,2023
2,9,Talladega Knights,144.1,2023
2,6,Brokaw's Bums,87.98,2023
2,8,The Cousin Lovers,127.66,2023
3,1,Hingle McCringlebery,173.68,2023
3,6,Brokaw's Bums,119.86,2023
3,2,Jackson's Team,129.08,2023
3,3,Simps Squad,114.46,2023
3,4,The Roethlisberger's,110.36,2023
3,5,Joe Buck Yourself,137.38,2023
3,7,Lambeau Leapers,119.86,2023
3,8,The Cousin Lovers,101.62,2023
3,9,Talladega Knights,161.9,2023
3,10,Starting Defense,114.48,2023
4,1,Hingle McCringlebery,134.9,2023
4,7,Lambeau Leapers,86.48,2023
4,2,Jackson's Team,77.16,2023
4,8,The Cousin Lovers,88.34,2023
4,3,Simps Squad,158.28,2023
4,9,Talladega Knights,99.78,2023
4,4,The Roethlisberger's,140.3,2023
4,6,Brokaw's Bums,146.9,2023
4,5,Joe Buck Yourself,139.24,2023
4,10,Starting Defense,109.62,2023
5,1,Hingle McCringlebery,105.82,2023
5,2,Jackson's Team,111.12,2023
5,3,Simps Squad,103.8,2023
5,10,Starting Defense,89.74,2023
5,4,The Roethlisberger's,108.28,2023
5,7,Lambeau Leapers,129.32,2023
5,5,Joe Buck Yourself,170.14,2023
5,6,Brokaw's Bums,183.76,2023
5,8,The Cousin Lovers,103.46,2023
5,9,Talladega Knights,99.34,2023
6,1,Hingle McCringlebery,99.94,2023
6,9,Talladega Knights,89.68,2023
6,2,Jackson's Team,128.9,2023
6,4,The Roethlisberger's,110.02,2023
6,3,Simps Squad,94.84,2023
6,5,Joe Buck Yourself,138.32,2023
6,6,Brokaw's Bums,128.66,2023
6,7,Lambeau Leapers,112.18,2023
6,8,The Cousin Lovers,111.74,2023
6,10,Starting Defense,107.94,2023
7,1,Hingle McCringlebery,149.54,2023
7,10,Starting Defense,153.66,2023
7,2,Jackson's Team,123.46,2023
7,6,Brokaw's Bums,144.7,2023
7,3,Simps Squad,121.16,2023
7,8,The Cousin Lovers,103.86,2023
7,4,The Roethlisberger's,87.68,2023
7,9,Talladega Knights,71.46,2023
7,5,Joe Buck Yourself,148.78,2023
7,7,Lambeau Leapers,82.04,2023
8,1,Hingle McCringlebery,131.98,2023
8,3,Simps Squad,144.18,2023
8,2,Jackson's Team,159.56,2023
8,7,Lambeau Leapers,107.56,2023
8,4,The Roethlisberger's,146.6,2023
8,10,Starting Defense,112.5,2023
8,5,Joe Buck Yourself,110.18,2023
8,8,The Cousin Lovers,117.38,2023
8,6,Brokaw's Bums,146.46,2023
8,9,Talladega Knights,84.42,2023
9,1,Hingle McCringlebery,112.76,2023
9,8,The Cousin Lovers,114.7,2023
9,2,Jackson's Team,132.18,2023
9,5,Joe Buck Yourself,84.08,2023
9,3,Simps Squad,132.84,2023
9,4,The Roethlisberger's,142.1,2023
9,6,Brokaw's Bums,77.62,2023
9,10,Starting Defense,125.0,2023
9,7,Lambeau Leapers,76.72,2023
9,9,Talladega Knights,141.44,2023
10,1,Hingle McCringlebery,190.16,2023
10,5,Joe Buck Yourself,130.12,2023
10,2,Jackson's Team,117.76,2023
10,9,Talladega Knights,98.82,2023
10,3,Simps Squad,95.1,2023
10,6,Brokaw's Bums,121.18,2023
10,4,The Roethlisberger's,123.44,2023
10,8,The Cousin Lovers,117.02,2023
10,7,Lambeau Leapers,112.86,2023
10,10,Starting Defense,108.42,2023
11,1,Hingle McCringlebery,127.26,2023
11,4,The Roethlisberger's,107.84,2023
11,2,Jackson's Team,131.0,2023
11,10,Starting Defense,125.28,2023
11,3,Simps Squad,112.68,2023
11,7,Lambeau Leapers,130.8,2023
11,5,Joe Buck Yourself,128.6,2023
11,9,Talladega Knights,108.96,2023
11,6,Brokaw's Bums,132.1,2023
11,8,The Cousin Lovers,83.84,2023
12,1,Hingle McCringlebery,155.04,2023
12,6,Brokaw's Bums,141.16,2023
12,2,Jackson's Team,128.0,2023
12,3,Simps Squad,107.26,2023
12,4,The Roethlisberger's,139.76,2023
12,5,Joe Buck Yourself,108.88,2023
12,7,Lambeau Leapers,126.12,2023
12,8,The Cousin Lovers,110.9,2023
12,9,Talladega Knights,99.68,2023
12,10,Starting Defense,93.82,2023
13,1,Hingle McCringlebery,195.06,2023
13,7,Lambeau Leapers,124.9,2023
13,2,Jackson's Team,150.02,2023
13,8,The Cousin Lovers,118.48,2023
13,3,Simps Squad,85.12,2023
13,9,Talladega Knights,102.94,2023
13,4,The Roethlisberger's,124.76,2023
13,6,Brokaw's Bums,113.94,2023
13,5,Joe Buck Yourself,125.18,2023
13,10,Starting Defense,89.5,2023
14,1,Hingle McCringlebery,107.64,2023
14,2,Jackson's Team,143.08,2023
14,3,Simps Squad,107.16,2023
14,10,Starting Defense,117.44,2023
14,4,The Roethlisberger's,145.02,2023
14,7,Lambeau Leapers,95.6,2023
14,5,Joe Buck Yourself,125.74,2023
14,6,Brokaw's Bums,114.62,2023
14,8,The Cousin Lovers,98.62,2023
14,9,Talladega Knights,138.74,2023
15,4,The Roethlisberger's,122.38,2023
15,6,Brokaw's Bums,153.66,2023
15,5,Joe Buck Yourself,86.12,2023
15,9,Talladega Knights,111.44,2023
16,1,Hingle McCringlebery,124.42,2023
16,9,Talladega Knights,134.68,2023
16,2,Jackson's Team,125.44,2023
16,6,Brokaw's Bums,100.98,2023
16,3,Simps Squad,101.64,2023
16,7,Lambeau Leapers,90.52,2023
16,4,The Roethlisberger's,142.1,2023
16,5,Joe Buck Yourself,140.72,2023
16,8,The Cousin Lovers,113.72,2023
16,10,Starting Defense,110.0,2023
17,2,Jackson's Team,157.88,2023
17,9,Talladega Knights,146.34,2023
17,1,Hingle McCringlebery,115.1,2023
17,6,Brokaw's Bums,134.36,2023
17,3,Simps Squad,90.24,2023
17,8,The Cousin Lovers,125.44,2023
17,7,Lambeau Leapers,118.28,2023
17,10,Starting Defense,117.2,2023
1,1,Hingle McCringlebery,111.42,2024
1,4,The Roethlisberger's,110.78,2024
1,2,Jackson's Team,154.98,2024
1,3,Simps Squad,128.42,2024
1,5,Joe Buck Yourself,97.36,2024
1,9,Talladega Knights,93.64,2024
1,6,Brokaw's Bums,142.52,2024
1,8,The Cousin Lovers,144.08,2024
1,7,Lambeau Leapers,136.8,2024
1,10,Starting Defense,88.36,2024
2,1,Hingle McCringlebery,147.32,2024
2,10,Starting Defense,116.52,2024
2,2,Jackson's Team,115.16,2024
2,6,Brokaw's Bums,106.78,2024
2,3,Simps Squad,116.2,2024
2,9,Talladega Knights,145.14,2024
2,4,The Roethlisberger's,140.66,2024
2,5,Joe Buck Yourself,123.8,2024
2,7,Lambeau Leapers,135.84,2024
2,8,The Cousin Lovers,93.62,2024
3,1,Hingle McCringlebery,100.14,2024
3,7,Lambeau Leapers,124.04,2024
3,2,Jackson's Team,153.32,2024
3,8,The Cousin Lovers,79.74,2024
3,3,Simps Squad,112.18,2024
3,4,The Roethlisberger's,101.28,2024
3,5,Joe Buck Yourself,110.8,2024
3,10,Starting Defense,119.96,2024
3,6,Brokaw's Bums,106.68,2024
3,9,Talladega Knights,140.58,2024
4,1,Hingle McCringlebery,64.42,2024
4,8,The Cousin Lovers,99.14,2024
4,2,Jackson's Team,146.8,2024
4,9,Talladega Knights,86.5,2024
4,3,Simps Squad,123.48,2024
4,10,Starting Defense,131.08,2024
4,4,The Roethlisberger's,95.52,2024
4,6,Brokaw's Bums,145.44,2024
4,5,Joe Buck Yourself,139.18,2024
4,7,Lambeau Leapers,171.36,2024
5,1,Hingle McCringlebery,105.34,2024
5,5,Joe Buck Yourself,118.04,2024
5,2,Jackson's Team,90.94,2024
5,4,The Roethlisberger's,93.52,2024
5,3,Simps Squad,136.4,2024
5,7,Lambeau Leapers,142.16,2024
5,6,Brokaw's Bums,136.22,2024
5,10,Starting Defense,154.98,2024
5,8,The Cousin Lovers,158.9,2024
5,9,Talladega Knights,142.54,2024
6,1,Hingle McCringlebery,105.86,2024
6,3,Simps Squad,111.06,2024
6,2,Jackson's Team,147.0,2024
6,10,Starting Defense,106.42,2024
6,4,The Roethlisberger's,124.06,2024
6,9,Talladega Knights,150.8,2024
6,5,Joe Buck Yourself,110.68,2024
6,8,The Cousin Lovers,96.12,2024
6,6,Brokaw's Bums,111.42,2024
6,7,Lambeau Leapers,137.92,2024
7,1,Hingle McCringlebery,118.96,2024
7,6,Brokaw's Bums,130.44,2024
7,2,Jackson's Team,134.22,2024
7,7,Lambeau Leapers,101.4,2024
7,3,Simps Squad,143.0,2024
7,5,Joe Buck Yourself,130.84,2024
7,4,The Roethlisberger's,52.94,2024
7,8,The Cousin Lovers,118.7,2024
7,9,Talladega Knights,129.36,2024
7,10,Starting Defense,117.84,2024
8,1,Hingle McCringlebery,157.34,2024
8,2,Jackson's Team,163.94,2024
8,3,Simps Squad,150.58,2024
8,8,The Cousin Lovers,109.5,2024
8,4,The Roethlisberger's,136.32,2024
8,10,Starting Defense,135.46,2024
8,5,Joe Buck Yourself,110.7,2024
8,6,Brokaw's Bums,146.86,2024
8,7,Lambeau Leapers,112.84,2024
8,9,Talladega Knights,80.58,2024
9,1,Hingle McCringlebery,183.7,2024
9,9,Talladega Knights,151.04,2024
9,2,Jackson's Team,121.4,2024
9,5,Joe Buck Yourself,135.06,2024
9,3,Simps Squad,122.66,2024
9,6,Brokaw's Bums,106.1,2024
9,4,The Roethlisberger's,109.96,2024
9,7,Lambeau Leapers,102.32,2024
9,8,The Cousin Lovers,117.8,2024
9,10,Starting Defense,137.74,2024
10,1,Hingle McCringlebery,132.48,2024
10,4,The Roethlisberger's,140.64,2024
10,2,Jackson's Team,88.1,2024
10,3,Simps Squad,122.14,2024
10,5,Joe Buck Yourself,82.32,2024
10,9,Talladega Knights,101.24,2024
10,6,Brokaw's Bums,99.2,2024
10,8,The Cousin Lovers,106.94,2024
10,7,Lambeau Leapers,154.26,2024
10,10,Starting Defense,118.52,2024
11,1,Hingle McCringlebery,159.04,2024
11,10,Starting Defense,120.44,2024
11,2,Jackson's Team,157.18,2024
11,6,Brokaw's Bums,97.18,2024
11,3,Simps Squad,103.28,2024
11,9,Talladega Knights,130.54,2024
11,4,The Roethlisberger's,91.8,2024
11,5,Joe Buck Yourself,175.3,2024
11,7,Lambeau Leapers,108.54,2024
11,8,The Cousin Lovers,109.94,2024
12,1,Hingle McCringlebery,132.66,2024
12,7,Lambeau Leapers,148.52,2024
12,2,Jackson's Team,115.78,2024
12,8,The Cousin Lovers,168.36,2024
12,3,Simps Squad,107.52,2024
12,4,The Roethlisberger's,97.3,2024
12,5,Joe Buck Yourself,94.36,2024
12,10,Starting Defense,106.4,2024
12,6,Brokaw's Bums,110.08,2024
12,9,Talladega Knights,137.46,2024
13,1,Hingle McCringlebery,153.52,2024
13,8,The Cousin Lovers,95.0,2024
13,2,Jackson's Team,137.52,2024
13,9,Talladega Knights,123.24,2024
13,3,Simps Squad,113.0,2024
13,10,Starting Defense,134.04,2024
13,4,The Roethlisberger's,151.24,2024
13,6,Brokaw's Bums,147.48,2024
13,5,Joe Buck Yourself,146.08,2024
13,7,Lambeau Leapers,111.06,2024
14,1,Hingle McCringlebery,124.82,2024
14,5,Joe Buck Yourself,129.18,2024
14,2,Jackson's Team,203.68,2024
14,4,The Roethlisberger's,81.72,2024
14,3,Simps Squad,112.96,2024
14,7,Lambeau Leapers,156.34,2024
14,6,Brokaw's Bums,122.82,2024
14,10,Starting Defense,165.66,2024
14,8,The Cousin Lovers,122.68,2024
14,9,Talladega Knights,119.8,2024
15,5,Joe Buck Yourself,140.34,2024
15,8,The Cousin Lovers,93.74,2024
15,9,Talladega Knights,99.06,2024
15,10,Starting Defense,156.14,2024
16,2,Jackson's Team,121.06,2024
16,10,Starting Defense,146.58,2024
16,5,Joe Buck Yourself,137.04,2024
16,7,Lambeau Leapers,161.28,2024
16,1,Hingle McCringlebery,124.64,2024
16,4,The Roethlisberger's,181.92,2024
16,3,Simps Squad,128.58,2024
16,6,Brokaw's Bums,113.28,2024
16,8,The Cousin Lovers,144.42,2024
16,9,Talladega Knights,138.4,2024
17,7,Lambeau Leapers,143.0,2024
17,10,Starting Defense,156.58,2024
17,1,Hingle McCringlebery,125.42,2024
17,6,Brokaw's Bums,118.92,2024
17,2,Jackson's Team,113.18,2024
17,5,Joe Buck Yourself,124.66,2024
17,3,Simps Squad,124.66,2024
17,4,The Roethlisberger's,166.48,2024
1,1,Shock the Nation,85.32,2014
1,2,The Football Team,123.06,2014
1,3,Joe Buck Yourself,70.26,2014
1,7,Cade's Cool Team,122.14,2014
1,4,xXThe Poon KillersXx,68.18,2014
1,6,Lambeau Leapers,106.44,2014
1,5,The Benchwarmers,86.66,2014
1,8,clay's Team,64.52,2014
2,1,Shock the Nation,93.34,2014
2,3,Joe Buck Yourself,116.54,2014
2,2,The Football Team,85.18,2014
2,8,clay's Team,59.88,2014
2,4,xXThe Poon KillersXx,111.24,2014
2,7,Cade's Cool Team,82.44,2014
2,5,The Benchwarmers,109.26,2014
2,6,Lambeau Leapers,97.18,2014
3,1,Shock the Nation,88.6,2014
3,4,xXThe Poon KillersXx,89.6,2014
3,2,The Football Team,121.44,2014
3,3,Joe Buck Yourself,69.68,2014
3,5,The Benchwarmers,131.56,2014
3,7,Cade's Cool Team,67.04,2014
3,6,Lambeau Leapers,65.7,2014
3,8,clay's Team,54.62,2014
4,1,Shock the Nation,139.48,2014
4,5,The Benchwarmers,62.36,2014
4,2,The Football Team,94.2,2014
4,4,xXThe Poon KillersXx,58.8,2014
4,3,Joe Buck Yourself,111.58,2014
4,8,clay's Team,83.0,2014
4,6,Lambeau Leapers,51.72,2014
4,7,Cade's Cool Team,70.52,2014
5,1,Shock the Nation,115.1,2014
5,6,Lambeau Leapers,93.74,2014
5,2,The Football Team,69.56,2014
5,5,The Benchwarmers,129.26,2014
5,3,Joe Buck Yourself,107.44,2014
5,4,xXThe Poon KillersXx,90.48,2014
5,7,Cade's Cool Team,83.44,2014
5,8,clay's Team,78.64,2014
6,1,Shock the Nation,115.52,2014
6,7,Cade's Cool Team,83.2,2014
6,2,The Football Team,84.58,2014
6,6,Lambeau Leapers,97.94,2014
6,3,Joe Buck Yourself,123.36,2014
6,5,The Benchwarmers,110.14,2014
6,4,xXThe Poon KillersXx,43.12,2014
6,8,clay's Team,63.5,2014
7,1,Shock the Nation,121.7,2014
7,8,clay's Team,102.76,2014
7,2,The Football Team,97.84,2014
7,7,Cade's Cool Team,77.56,2014
7,3,Joe Buck Yourself,84.9,2014
7,6,Lambeau Leapers,74.52,2014
7,4,xXThe Poon KillersXx,54.3,2014
7,5,The Benchwarmers,59.3,2014
8,1,Shock the Nation,119.18,2014
8,2,The Football Team,107.44,2014
8,3,Joe Buck Yourself,84.22,2014
8,7,Cade's Cool Team,103.6,2014
8,4,xXThe Poon KillersXx,82.84,2014
8,6,Lambeau Leapers,64.86,2014
8,5,The Benchwarmers,125.58,2014
8,8,clay's Team,86.46,2014
9,1,Shock the Nation,62.02,2014
9,3,Joe Buck Yourself,102.42,2014
9,2,The Football Team,124.22,2014
9,8,clay's Team,67.5,2014
9,4,xXThe Poon KillersXx,51.46,2014
9,7,Cade's Cool Team,52.4,2014
9,5,The Benchwarmers,104.42,2014
9,6,Lambeau Leapers,86.26,2014
10,1,Shock the Nation,94.34,2014
10,4,xXThe Poon KillersXx,38.1,2014
10,2,The Football Team,89.7,2014
10,3,Joe Buck Yourself,124.4,2014
10,5,The Benchwarmers,88.68,2014
10,7,Cade's Cool Team,104.6,2014
10,6,Lambeau Leapers,101.78,2014
10,8,clay's Team,57.64,2014
11,1,Shock the Nation,82.12,2014
11,5,The Benchwarmers,69.7,2014
11,2,The Football Team,89.26,2014
11,4,xXThe Poon KillersXx,40.6,2014
11,3,Joe Buck Yourself,100.34,2014
11,8,clay's Team,61.5,2014
11,6,Lambeau Leapers,100.62,2014
11,7,Cade's Cool Team,69.42,2014
12,1,Shock the Nation,111.64,2014
12,6,Lambeau Leapers,74.34,2014
12,2,The Football Team,134.58,2014
12,5,The Benchwarmers,58.5,2014
12,3,Joe Buck Yourself,104.26,2014
12,4,xXThe Poon KillersXx,45.1,2014
12,7,Cade's Cool Team,90.16,2014
12,8,clay's Team,98.1,2014
13,1,Shock the Nation,83.02,2014
13,7,Cade's Cool Team,88.8,2014
13,2,The Football Team,113.0,2014
13,6,Lambeau Leapers,80.44,2014
13,3,Joe Buck Yourself,102.82,2014
13,5,The Benchwarmers,118.1,2014
13,4,xXThe Poon KillersXx,41.4,2014
13,8,clay's Team,109.26,2014
14,1,Shock the Nation,124.96,2014
14,6,Lambeau Leapers,72.12,2014
14,2,The Football Team,113.22,2014
14,4,xXThe Poon KillersXx,38.8,2014
14,3,Joe Buck Yourself,134.38,2014
14,8,clay's Team,78.0,2014
14,5,The Benchwarmers,134.78,2014
14,7,Cade's Cool Team,94.74,2014
15,1,Shock the Nation,79.18,2014
15,3,Joe Buck Yourself,100.0,2014
15,2,The Football Team,100.02,2014
15,5,The Benchwarmers,91.78,2014
15,4,xXThe Poon KillersXx,38.1,2014
15,7,Cade's Cool Team,100.72,2014
15,6,Lambeau Leapers,59.92,2014
15,8,clay's Team,47.1,2014
16,2,The Football Team,90.28,2014
16,3,Joe Buck Yourself,116.72,2014
16,1,Shock the Nation,90.64,2014
16,5,The Benchwarmers,87.68,2014
16,4,xXThe Poon KillersXx,59.1,2014
16,8,clay's Team,75.02,2014
16,6,Lambeau Leapers,121.56,2014
16,7,Cade's Cool Team,81.22,2014
1,1,Hingle McCringlebery,133.32,2025
1,10,Starting Defense,126.66,2025
1,2,Jackson's Team,112.92,2025
1,9,Talladega Knights,120.08,2025
1,3,Simps Squad,80.84,2025
1,5,Joe Buck Yourself,109.98,2025
1,4,The Roethlisberger's,106.78,2025
1,7,Lambeau Leapers,101.62,2025
1,6,Brokaw's Bums,115.82,2025
1,8,The Cousin Lovers,115.66,2025
2,1,Hingle McCringlebery,123.28,2025
2,5,Joe Buck Yourself,113.8,2025
2,2,Jackson's Team,115.64,2025
2,6,Brokaw's Bums,128.0,2025
2,3,Simps Squad,94.68,2025
2,7,Lambeau Leapers,142.38,2025
2,4,The Roethlisberger's,117.2,2025
2,9,Talladega Knights,115.94,2025
2,8,The Cousin Lovers,134.2,2025
2,10,Starting Defense,118.02,2025
3,1,Hingle McCringlebery,116.56,2025
3,7,Lambeau Leapers,140.12,2025
3,2,Jackson's Team,102.14,2025
3,4,The Roethlisberger's,119.32,2025
3,3,Simps Squad,104.42,2025
3,9,Talladega Knights,109.64,2025
3,5,Joe Buck Yourself,100.22,2025
3,8,The Cousin Lovers,148.12,2025
3,6,Brokaw's Bums,134.32,2025
3,10,Starting Defense,135.72,2025
4,1,Hingle McCringlebery,130.1,2025
4,9,Talladega Knights,157.8,2025
4,2,Jackson's Team,116.88,2025
4,10,Starting Defense,117.26,2025
4,3,Simps Squad,121.04,2025
4,4,The Roethlisberger's,170.52,2025
4,5,Joe Buck Yourself,122.96,2025
4,6,Brokaw's Bums,161.28,2025
4,7,Lambeau Leapers,115.78,2025
4,8,The Cousin Lovers,83.68,2025
5,1,Hingle McCringlebery,127.32,2025
5,4,The Roethlisberger's,107.22,2025
5,2,Jackson's Team,120.88,2025
5,3,Simps Squad,182.92,2025
5,5,Joe Buck Yourself,93.98,2025
5,10,Starting Defense,129.92,2025
5,6,Brokaw's Bums,121.44,2025
5,7,Lambeau Leapers,151.32,2025
5,8,The Cousin Lovers,119.6,2025
5,9,Talladega Knights,96.2,2025
6,1,Hingle McCringlebery,115.98,2025
6,3,Simps Squad,131.8,2025
6,2,Jackson's Team,100.94,2025
6,5,Joe Buck Yourself,159.54,2025
6,4,The Roethlisberger's,113.16,2025
6,8,The Cousin Lovers,89.64,2025
6,6,Brokaw's Bums,95.54,2025
6,9,Talladega Knights,124.82,2025
6,7,Lambeau Leapers,112.26,2025
6,10,Starting Defense,91.7,2025
7,1,Hingle McCringlebery,177.34,2025
7,2,Jackson's Team,146.96,2025
7,3,Simps Squad,76.04,2025
7,8,The Cousin Lovers,82.88,2025
7,4,The Roethlisberger's,95.18,2025
7,6,Brokaw's Bums,122.84,2025
7,5,Joe Buck Yourself,107.32,2025
7,7,Lambeau Leapers,173.46,2025
7,9,Talladega Knights,135.14,2025
7,10,Starting Defense,126.3,2025
8,1,Hingle McCringlebery,135.96,2025
8,8,The Cousin Lovers,135.18,2025
8,2,Jackson's Team,102.02,2025
8,7,Lambeau Leapers,153.86,2025
8,3,Simps Squad,128.18,2025
8,6,Brokaw's Bums,95.4,2025
8,4,The Roethlisberger's,136.88,2025
8,10,Starting Defense,106.52,2025
8,5,Joe Buck Yourself,109.48,2025
8,9,Talladega Knights,120.86,2025
9,1,Hingle McCringlebery,115.7,2025
9,6,Brokaw's Bums,115.62,2025
9,2,Jackson's Team,114.48,2025
9,8,The Cousin Lovers,105.46,2025
9,3,Simps Squad,159.52,2025
9,10,Starting Defense,76.72,2025
9,4,The Roethlisberger's,124.66,2025
9,5,Joe Buck Yourself,144.2,2025
9,7,Lambeau Leapers,85.32,2025
9,9,Talladega Knights,140.24,2025
10,1,Hingle McCringlebery,115.12,2025
10,10,Starting Defense,83.74,2025
10,2,Jackson's Team,141.78,2025
10,9,Talladega Knights,127.92,2025
10,3,Simps Squad,117.1,2025
10,5,Joe Buck Yourself,126.22,2025
10,4,The Roethlisberger's,129.9,2025
10,7,Lambeau Leapers,156.44,2025
10,6,Brokaw's Bums,115.42,2025
10,8,The Cousin Lovers,106.44,2025
11,1,Hingle McCringlebery,137.14,2025
11,5,Joe Buck Yourself,143.46,2025
11,2,Jackson's Team,126.72,2025
11,6,Brokaw's Bums,96.22,2025
11,3,Simps Squad,99.1,2025
11,7,Lambeau Leapers,101.66,2025
11,4,The Roethlisberger's,117.44,2025
11,9,Talladega Knights,115.7,2025
11,8,The Cousin Lovers,113.32,2025
11,10,Starting Defense,94.78,2025
12,1,Hingle McCringlebery,138.28,2025
12,7,Lambeau Leapers,171.16,2025
12,2,Jackson's Team,145.96,2025
12,4,The Roethlisberger's,153.16,2025
12,3,Simps Squad,110.42,2025
12,9,Talladega Knights,110.06,2025
12,5,Joe Buck Yourself,117.72,2025
12,8,The Cousin Lovers,67.62,2025
12,6,Brokaw's Bums,147.58,2025
12,10,Starting Defense,92.12,2025
13,1,Hingle McCringlebery,132.84,2025
13,9,Talladega Knights,102.6,2025
13,2,Jackson's Team,150.2,2025
13,10,Starting Defense,107.22,2025
13,3,Simps Squad,101.84,2025
13,4,The Roethlisberger's,128.08,2025
13,5,Joe Buck Yourself,119.72,2025
13,6,Brokaw's Bums,97.54,2025
13,7,Lambeau Leapers,116.86,2025
13,8,The Cousin Lovers,128.24,2025
14,1,Hingle McCringlebery,86.3,2025
14,4,The Roethlisberger's,78.66,2025
14,2,Jackson's Team,141.04,2025
14,3,Simps Squad,95.46,2025
14,5,Joe Buck Yourself,113.34,2025
14,10,Starting Defense,146.54,2025
14,6,Brokaw's Bums,141.54,2025
14,7,Lambeau Leapers,147.36,2025
14,8,The Cousin Lovers,144.26,2025
14,9,Talladega Knights,108.3,2025
15,4,The Roethlisberger's,126.9,2025
15,8,The Cousin Lovers,117.1,2025
15,5,Joe Buck Yourself,120.82,2025
15,9,Talladega Knights,169.2,2025
16,1,Hingle McCringlebery,148.78,2025
16,4,The Roethlisberger's,150.2,2025
16,7,Lambeau Leapers,144.18,2025
16,9,Talladega Knights,124.8,2025
16,2,Jackson's Team,117.46,2025
16,3,Simps Squad,93.36,2025
16,5,Joe Buck Yourself,170.48,2025
16,8,The Cousin Lovers,87.54,2025
16,6,Brokaw's Bums,131.92,2025
16,10,Starting Defense,61.7,2025
17,4,The Roethlisberger's,104.64,2025
17,7,Lambeau Leapers,115.7,2025
17,1,Hingle McCringlebery,155.72,2025
17,9,Talladega Knights,76.9,2025
17,2,Jackson's Team,137.78,2025
17,6,Brokaw's Bums,112.18,2025
17,3,Simps Squad,100.3,2025
17,10,Starting Defense,89.08,2025
