rank,team_id,team_name,wins,losses,ties,points_for,points_against,streak,waiver_budget,waiver_priority,moves,season
1,2,The Thunder Cats,7,6,0,1343.12,1294.72,L-1,5,13,,2015
2,8,manning bros,7,6,0,1174.82,1212.18,W-6,4,13,,2015
3,6,The Benchwarmers,3,10,0,1147.78,1281.14,W-1,1,-,,2015
4,4,Joe Buck Yourself,8,5,0,1342.74,1131.04,L-1,8,21,,2015
5,7,The Roethlisburger s,7,6,0,1207.18,1236.34,W-1,2,5,,2015
6,3,Hyde your wife,5,8,0,1085.78,1215.74,L-5,6,13,,2015
7,1,A Boy Named Suh,11,2,0,1332.3,1233.7,L-1,3,21,,2015
8,5,Lambeau Leapers,4,9,0,1102.08,1130.94,W-1,7,13,,2015
1,8,The Thunder Cats,6,7,0,1252.98,1273.0,L-1,5,9,,2016
2,2,Hyde your wife,3,10,0,1198.54,1334.98,L-3,8,15,,2016
3,1,Hingle McCringlebery,5,8,0,1386.78,1363.38,L-3,7,22,,2016
4,4,Lambeau Leapers,7,6,0,1307.02,1310.34,W-1,3,10,,2016
5,7,The Roethlisburger s,7,6,0,1196.74,1232.22,W-1,1,4,,2016
6,6,The Benchwarmers,8,5,0,1287.84,1301.02,W-4,4,6,,2016
7,5,manning bros,8,5,0,1328.84,1276.8,W-6,6,10,,2016
8,3,Joe Buck Yourself,8,5,0,1263.48,1130.48,L-1,2,26,,2016
1,8,Thunder Cats,6,7,0,1134.64,1152.84,L-3,8,21,,2017
2,6,Starting Defense,7,6,0,1285.92,1214.32,W-3,1,11,,2017
3,3,Joe Buck Yourself,8,5,0,1225.7,1177.22,W-3,10,45,,2017
4,4,Lambeau Leapers,6,7,0,1118.52,1114.58,L-1,3,28,,2017
5,10,Talladega Knights,10,3,0,1298.28,1101.98,L-1,7,25,,2017
6,7,The Roethlisburger s,8,5,0,1274.36,1213.6,W-1,2,12,,2017
7,5,King of the Hill,7,6,0,1113.82,1110.66,L-2,9,23,,2017
8,9,Jackson's Team,7,6,0,1104.88,1169.1,L-1,4,22,,2017
9,1,Hingle McCringlebery,5,8,0,1175.42,1228.56,W-1,5,56,,2017
10,2,Frank The Tank,1,12,0,1086.7,1335.38,W-1,6,24,,2017
1,1,Hingle McCringlebery,10,3,0,1741.64,1435.82,L-1,8,23,,2018
2,3,Hingle Handlers,6,7,0,1455.1,1462.2,L-4,9,56,,2018
3,7,Starting Defense,6,7,0,1457.9,1411.14,W-1,7,22,,2018
4,2,Brokaw's Bums,6,7,0,1444.8,1598.3,W-2,5,15,,2018
5,9,The Roethlisburger s,9,4,0,1579.16,1428.6,W-1,1,17,,2018
6,8,Talladega Knights,5,8,0,1427.4,1523.88,L-1,6,30,,2018
7,4,Joe Buck Yourself,8,5,0,1621.14,1657.82,L-3,4,46,,2018
8,5,King of the Hill,9,4,0,1511.14,1370.06,W-2,10,26,,2018
9,10,Thunder Cats,4,9,0,1411.06,1531.16,W-4,3,15,,2018
10,6,Lambeau Leapers,2,11,0,1319.46,1549.82,L-2,2,14,,2018
1,4,Joe Buck Yourself,8,5,0,1456.72,1347.1,L-1,10,53,,2019
2,10,The Cousin Lovers,7,6,0,1368.06,1421.22,W-2,9,42,,2019
3,6,Lambeau Leapers,8,5,0,1550.46,1348.86,W-3,2,9,,2019
4,1,Hingle McCringlebery,5,8,0,1477.96,1494.84,W-1,7,29,,2019
5,5,Patrick Mahomes,9,4,0,1565.12,1399.3,L-1,4,36,,2019
6,8,Talladega Knights,6,7,0,1355.18,1396.24,W-1,6,29,,2019
7,3,Jackson's Team,8,5,0,1550.02,1493.72,L-1,5,25,,2019
8,2,Brokaw's Bums,8,5,0,1336.04,1402.04,W-1,8,17,,2019
9,9,The Roethlisburger s,3,10,0,1429.66,1590.62,L-4,3,23,,2019
10,7,Starting Defense,3,10,0,1320.94,1516.22,L-5,1,10,,2019
1,3,Jackson's Team,6,7,0,1472.18,1519.24,W-2,9,42,,2020
2,6,Lambeau Leapers,9,4,0,1557.92,1443.28,W-1,10,24,,2020
3,8,Talladega Knights,9,4,0,1503.58,1283.2,W-3,6,22,,2020
4,5,D Hop,7,6,0,1308.08,1439.02,L-1,7,53,,2020
5,1,Hingle McCringlebery,8,5,0,1575.76,1406.76,W-1,2,36,,2020
6,10,The Cousin Lovers,6,7,0,1539.64,1428.18,L-4,5,27,,2020
7,9,The Roethlisberger's,6,7,0,1448.68,1459.54,L-2,3,22,,2020
8,7,Starting Defense,6,7,0,1367.62,1524.96,L-1,1,16,,2020
9,2,Brokaw's Bums,5,8,0,1547.5,1641.78,L-2,8,31,,2020
10,4,Joe Buck Yourself,3,10,0,1389.0,1564.0,W-2,4,42,,2020
1,5,Joe Buck Yourself,11,3,0,1760.2,1454.06,W-1,10,56,,2021
2,2,Brokaw's Bums,8,6,0,1614.72,1581.18,W-2,9,37,,2021
3,9,The Cousin Lovers,4,10,0,1577.9,1597.28,L-4,7,26,,2021
4,8,Talladega Knights,9,5,0,1714.4,1577.28,W-1,6,19,,2021
5,4,Jackson's Team,13,1,0,1705.44,1431.98,W-5,2,20,,2021
6,6,Lambeau Leapers,5,9,0,1388.44,1602.52,L-2,3,15,,2021
7,3,Simps Squad,6,8,0,1406.86,1622.24,L-1,4,33,,2021
8,1,Hingle McCringlebery,8,6,0,1633.52,1532.98,W-4,8,41,,2021
9,7,Starting Defense,4,10,0,1376.54,1579.8,L-7,1,15,,2021
10,10,The Roethlisberger's,2,12,0,1482.46,1681.16,L-1,5,21,,2021
1,4,Simps Squad,9,5,0,1741.84,1646.2,W-2,$26,8,19.0,2022
2,10,Starting Defense,8,6,0,1660.34,1625.66,L-1,$100,7,11.0,2022
3,5,The Roethlisberger's,9,5,0,1764.18,1697.42,W-1,$34,9,18.0,2022
4,7,Talladega Knights,10,4,0,1735.14,1609.54,L-1,$1,10,15.0,2022
5,9,Lambeau Leapers,7,7,0,1600.3,1604.04,W-1,$35,6,8.0,2022
6,3,Brokaw's Bums,7,7,0,1558.86,1625.54,W-4,$0,5,40.0,2022
7,1,Hingle McCringlebery,4,10,0,1679.5,1698.86,L-1,$26,1,24.0,2022
8,2,Joe Buck Yourself,5,9,0,1669.56,1769.56,W-1,$0,3,44.0,2022
9,8,Jackson's Team,6,8,0,1678.08,1676.0,L-4,$0,4,16.0,2022
10,6,The Cousin Lovers,5,9,0,1570.28,1705.26,L-3,$12,2,43.0,2022
1,2,Jackson's Team,11,3,0,1759.64,1534.42,W-7,$0,10,14.0,2023
2,9,Talladega Knights,7,7,0,1559.82,1542.52,W-3,$1,5,20.0,2023
3,6,Brokaw's Bums,7,7,0,1756.72,1761.06,L-3,$6,7,37.0,2023
4,1,Hingle McCringlebery,9,5,0,1935.44,1683.88,L-1,$9,9,28.0,2023
5,4,The Roethlisberger's,7,7,0,1699.94,1661.98,W-3,$23,6,14.0,2023
6,5,Joe Buck Yourself,7,7,0,1770.28,1721.6,W-2,$0,8,50.0,2023
7,8,The Cousin Lovers,7,7,0,1490.26,1591.44,L-5,$0,4,54.0,2023
8,3,Simps Squad,6,8,0,1596.86,1628.46,L-6,$68,3,22.0,2023
9,7,Lambeau Leapers,5,9,0,1537.94,1840.8,L-2,$100,2,11.0,2023
10,10,Starting Defense,4,10,0,1596.04,1736.78,W-1,$73,1,12.0,2023
1,10,Starting Defense,7,7,0,1753.42,1828.58,W-3,$84,7,12.0,2024
2,7,Lambeau Leapers,10,4,0,1843.4,1614.04,W-1,$100,9,13.0,2024
3,5,Joe Buck Yourself,7,7,0,1703.7,1673.66,W-2,$0,5,78.0,2024
4,2,Jackson's Team,10,4,0,1930.02,1587.82,W-2,$0,10,15.0,2024
5,8,The Cousin Lovers,8,6,0,1620.52,1687.42,W-1,$0,8,45.0,2024
6,9,Talladega Knights,7,7,0,1732.46,1720.26,L-2,$15,6,21.0,2024
7,4,The Roethlisberger's,6,8,0,1527.74,1857.52,L-1,$100,3,21.0,2024
8,3,Simps Squad,7,7,0,1702.88,1733.26,L-2,$0,4,23.0,2024
9,1,Hingle McCringlebery,5,9,0,1797.02,1758.78,L-1,$19,2,26.0,2024
10,6,Brokaw's Bums,3,11,0,1709.22,1859.04,L-6,$0,1,34.0,2024
1,3,Joe Buck Yourself,9,4,0,1302.22,1175.08,L-1,8,18,,2014
2,2,The Football Team,9,4,0,1334.06,1069.06,W-3,6,14,,2014
3,1,Shock the Nation,8,5,0,1311.38,1152.06,L-1,5,17,,2014
4,5,The Benchwarmers,8,5,0,1253.52,1212.28,W-1,2,-,,2014
5,6,Lambeau Leapers,5,8,0,1095.54,1126.12,L-2,7,10,,2014
6,7,Cade's Cool Team,7,6,0,1095.32,1162.88,W-1,3,-,,2014
7,8,clay's Team,3,10,0,987.38,1180.86,W-2,4,2,,2014
8,4,xXThe Poon KillersXx,3,10,0,815.22,1116.3,L-5,1,-,,2014
1,7,Lambeau Leapers,11,3,0,1869.6,1601.48,W-1,$60,10,16.0,2025
2,4,The Roethlisberger's,9,5,0,1698.16,1637.5,L-1,$0,8,26.0,2025
3,1,Hingle McCringlebery,9,5,0,1785.24,1754.78,W-2,$0,9,38.0,2025
4,9,Talladega Knights,7,7,0,1685.3,1647.62,L-5,$11,7,23.0,2025
5,5,Joe Buck Yourself,7,7,0,1681.94,1729.3,L-1,$0,6,61.0,2025
6,8,The Cousin Lovers,7,7,0,1574.3,1538.76,W-2,$21,5,39.0,2025
7,2,Jackson's Team,5,9,0,1738.56,1843.76,W-2,$0,3,23.0,2025
8,6,Brokaw's Bums,6,8,0,1688.56,1697.54,L-2,$0,4,56.0,2025
9,3,Simps Squad,5,9,0,1603.36,1631.44,L-2,$0,2,25.0,2025
10,10,Starting Defense,4,10,0,1553.22,1796.06,W-1,$100,1,13.0,2025
